title,permalink,layout,requires_auth,entry_id
Applying SRFP,/wayfinder-leader-resources/applying-srfp/,eight-column,false,7wLQ0KJuT1PgKbPhguODkl
November Trip,/reachout/go/south-africa/november-trip3/,no-header-no-footer,false,1oHrwcr3TAWAqgakGPvF9H
Israel Ticket Giveaway,/easter/israel-ticket-giveaway/,eight-column,false,7FHyDwwmEYgUySmMk6G8Ct
October Nepal Trip,/reachout/go/india/october-nepal-trip/,no-header-no-footer,false,4pE45bsDVkMZ4GpfoE2ayx
Info Session,/reachout/go/info-session/,no-header-no-footer,false,761qL5Etsl5AAB6d4pYdLI
moveup-hs,/studentministry/moveup-hs/,container-fluid,false,7bDWG3NBFRrUdxdhUJwaGC
Crossroads Leadership Training–7 Get on Mission,/crossroads-leadership-training7-get-on-mission/,container-fluid,false,2okSl7P4MyFZN0DtefZ1Tv
Goal of Wayfinder,/wayfinder-leader-resources/goal-of-wayfinder/,eight-column,false,7vKZOvFUUQXhaMARxxd6I2
Compassion,/compassion/,container-fluid,false,7cNgxdTlwhFgaJfLk2SokA
FAQs South Africa,/reachout/go/faqs/faqs-south-africa/,no-header-no-footer,false,7ulTxW7cxf5m8jEoSh8vUo
October Trip,/reachout/go/india/october-trip/,no-header-no-footer,false,7z9WE8rRv6cameFyi1jzu4
Super Bowl of Preaching,/superbowl/,container-fluid,false,2ymXlloJFSDlC1tkT9H1AN
Puerto Rico,/reachout/go/puerto-rico/,no-header-no-footer,false,fp92fPe3LIWyeE0JrUFzE
Jobs,/jobs/,eight-column,false,21exYyMLMUCkSi4mvcMgJ8
Man Camp Why Camping,/mancamp/man-camp-why-camping/,container-fluid,false,3MA8JBzQzL0eVn2YBexWdB
June Educators Trip,/reachout/go/nicaragua/june-educators-trip/,no-header-no-footer,false,6bgL2A0gzO3H7pzISzFagj
The Outlet at City Gospel Mission,/reachout/local/the-outlet/,container-fluid,false,3IwzDwhd6ApiVdV8ta1I8P
Local,/reachout/local/,container-fluid,false,4VXTY1NE80UFZPxTvTBa6x
first impressions,/serve/first-impressions/,container-fluid,false,1UqyNAhiIBymrr8GGnYPZT
June Trip,/reachout/go/south-africa/june-trip/,no-header-no-footer,false,4iYiU2mqFaYPDTQRVRgJlg
2016 Year in Review,/2016yearinreview/,eight-column,false,3rRa7yFqCA9DEmvyNSOlu9
FAQs,/wayfinder-leader-resources/faqs/,container-fluid,false,38dQkadMlCDawlqoySnucu
Israel Story,/israel-story/,container-fluid,false,1JnE3xjrWkb2ETnbjEuFLN
March Trip,/reachout/go/south-africa/march-trip/,no-header-no-footer,false,2uWKwYgGZVMbbNV6JZcqLr
I Am Journey Materials,/iamjourney2/materials-2/,container-fluid,false,7A16y2Zup6Gs9xBQZ2HdSG
New Orleans,/reachout/go/new-orleans/,no-header-no-footer,false,4qPwN0LrZOljlR43AFcHVs
2017 Year in Review,/2017yearinreview/,eight-column,false,7BR6yA8XX46Rrgt0GoWwI4
Man Camp Am I Cheating on my Church,/mancamp/man-camp-am-i-cheating-on-my-church/,container-fluid,false,6mMIl5ByH1gDtIEZaLldT1
I Am Journey,/iamjourney2/,container-fluid,false,5mrzRqwjJ7KMg7RfsFe9w0
God is for marriage and I am too! ,/couplescamp/god-is-for-marriage-and-i-am-too/,container-fluid,false,5ftbVYH7KbdtnT9YxFOKtb
Woman Camp - Campsite Host,/womancamp/campsitehost/,container-fluid,false,ebKRW7QZcspaOuqlDqn2f
Anywhere Resources,/anywhere-resources/,container,false,6iTa0sPpKPtCbXUdzHlTMe
Wheels,/reachout/local/wheels/,container-fluid,false,2IBYBQbaNF9ecvQ22tZa4U
Nicaragua,/reachout/go/nicaragua/,no-header-no-footer,false,60Mo64dcvhEM6jNwTJ9W7o
"""SUMMERCAMP | Cody's Story""",/summercamp/codys-story/,container-fluid,false,6FLEzBD5SKdJvj8CZPO92y
UK Engage,/uk-engage/,container-fluid,false,3TWWempHqRtGUN298a67Mg
Online Groups,/online-groups/,container-fluid,false,1vPCSgOL5eETNQIZT7BzJO
videos,/groupleadersummit/videos/,container-fluid,false,4Zi1nfbNEYTLKBbWqjTJz2
FAQ,/anywhere-resources/faq/,container-fluid,false,7rYWJXGIVszGcve6M1ClFI
Support Raising,/reachout/go/support-raising/,no-header-no-footer,false,1Rx827o6Y1XDZsT69yNY6Q
Help,/help/,eight-column,false,5b7Z6kjewWY3aLjQcijKUu
Resources,/anywhere-resources/resources/legacy,container-fluid,false,v9DZWNb0PlTzFDywa3qZ2
GO Houston Content,/go-houston-content/,container-fluid,false,6oTZAY0nY30mdWE5ihEBzY
I Used to Hide in Plain Sight. But Woman Camp is Freedom.,/womancamp/i-used-to-hide-in-plain-sight-but-woman-camp-is-freedom/,container-fluid,false,67AL57CY4j13Rdyp4OvbKK
Coaches,/groups/coaches/,container-fluid,false,4gFIxILmtJk02EuXqClc4m
Crossroads Leadership Training–9 Reflection 2,/crossroads-leadership-training9-reflection-2/,container-fluid,false,377vMENMYGNUxacCyjkcwQ
November Trip,/reachout/go/nicaragua/november-trip/,no-header-no-footer,false,5ySP1SeyCzOyMpPewzUiDY
Man Camp Why You Should Go Back,/mancamp/man-camp-why-you-should-go-back/,container-fluid,false,6dXXl63O11ogovqcJyHtQ4
four year olds,/preschool/four-year-olds/,container-fluid,false,2H2UBRmRXwbBAzLcAGrCJt
Imploded Marriage. Now United.,/couplescamp/imploded-marriage-now-united/,container-fluid,false,3qqTCHZd8k3Q94NNVQJD6L
Wayfinder Cheat Sheet,/wayfinder-leader-resources/wayfinder-cheat-sheet/,eight-column,false,5y6zkK4SzjLG2bqdktvlxF
Signup Instructions | Go Local,/golocal/signup-instructions/,container,false,7IGeUPOMTFFSeDlBVuOfHI
FAQ,/obsessed/faq/,container-fluid,false,3s181mbY6wguHsSTaYRnTA
Crossroads Leadership Training–5 Reflection 1,/crossroads-leadership-training5-reflection-1/,container-fluid,false,5nTefOUaBL0nnB4os9o4gD
Real Encounters with God,/realencounters/,container-fluid,false,4HrNMnfiEfUbrwD0VMXwJY
June Trip,/reachout/go/new-orleans/june-trip/,no-header-no-footer,false,4WPsesqbKzsuogxJ25Lkk3
When “Assumed” Became “Chosen” ,/womancamp/when-assumed-became-chosen/,container-fluid,false,6t18C9QaZIxXMUHWNUuoNm
"Man Camp Why Do I Need Pals, Anyway?",/mancamp/man-camp-why-do-i-need-pals-anyway/,container-fluid,false,7y8NlXiWzurUrB37iPkRRt
Man Camp Courage,/mancamp/man-camp-courage/,container-fluid,false,3C5d8rnM88IRtoNsA3ldDp
Anywhere Resources Kids Club,/anywhere-resources/kids-club/,container,false,3JIGhwBXful1EshNACfImf
The End of the Leash,/womancamp/the-end-of-the-leash/,container-fluid,false,34NUKJDzA7hrjv8zPAbXE4
Man Camp THE COURAGE TO GET REAL,/mancamp/man-camp-the-courage-to-get-real/,container-fluid,false,6niQkx81K0YzHOtQ9BjAAH
Anywhere Resources Stories,/anywhere-resources/stories/,container,false,4pPfu5f1VraAhGMME5AKso
Group Leader Summit,/groupleadersummit/,container-fluid,false,4q7KlIkgRLgrhBOrHFaELz
Thanksgiving From a Poverty Perspective,/thanksgiving-from-a-poverty-perspective/,container-fluid,false,wcnicRjUtjku3VruVdiZw
captive portal test,/captive-portal-test/,container-fluid,false,2ItgbPhZgbHXxSX99hvhwG
His Anger Meets Peace.,/couplescamp/his-anger-meets-peace/,container-fluid,false,6mfv9zwJUPpZZspe0oVhf3
Night of Prayer for the Wounded Heart,/woundedheart/,container-fluid,false,1vv32T0og6GvlWv9hkHFRI
Man Camp Just Because,/mancamp/man-camp-just-because/,container-fluid,false,70zOYR4QKXJtuJdU0SYxGh
FAQs,/collegecamp/faqs/,eight-column,false,2L5TIGBqqeBy7aqkQaDTau
Following,/wayfinder-leader-resources/following/,container-fluid,false,DsIn3I6vSnte5k59P0TGB
Connect FAQ,/connect-faq/,eight-column,false,7ySAU4AM8gLKsgkBKjQ4VJ
Easter Serve,/easter/serve/,container-fluid,false,3nlDbpBso4w54lFi0KipMJ
Crossroads Partner Organizations | Go Local,/golocal/crossroads-partner-organizations/,container-fluid,false,1XQqmOpvKwBi5HWfXYwUZA
What's Your I Am Statement,/whats-your-iam-statement/,container-fluid,false,4TYWSutpdmHGea59VaiBBP
FAQs,/reachout/go/faqs/,no-header-no-footer,false,2BCNQsFR8IF1nDaDpwS1Vf
Weekend Production,/serve/weekend-production-team/,container-fluid,false,6q0Yi9CVPV95JBRCMgW9t1
Family | Mason,/family-mason/,container-fluid,false,h6KOufHkiVYPx2zPGZVs8
"""Haiti""",/reachout/go/haiti/,no-header-no-footer,false,1sV61NEsMmZBTFf8rFkc6O
Middle School,/middleschool/,container-fluid,false,2EKtwf8PMApyN68PsJt89y
Super Bowl Live on Crossroads Anywhere!,/super-bowl-streaming/,container-fluid,false,3MNhcPtiS7qQVaqMwwQxh
Christmas Gift Drive Anywhere,/reachout/local/cgdanywhere/,container-fluid,false,6uITQ6rgtDs2z6ZYmwXcxF
Get Started,/getstarted/,container-fluid,false,5SuvhnpPHWCIbUROA8oPmU
"""MCX: YOU NEED A TRIBE""",/mancamp/you-need-a-tribe/,container-fluid,false,79gq5pbZeWQLZjwEB3gMI3
May Trip Puerto Rico,/reachout/go/puerto-rico/may-trip1/,no-header-no-footer,false,1YcYODedrTqcTOI38xVvKH
Groups,/groups/,container-fluid,false,3DjbTla5SX5Own6fZFpYCT
survey,/survey/,container-fluid,false,6GRZrAaE7sPGQHPWGtDxIU
October Trip 2019,/reachout/go/india/october-trip-2019/,no-header-no-footer,false,esPv7Nf8e05DDOjer1C54
Couples Camp,/couplescamp/,container-fluid,false,66ScAJPDphCdfpNUL0JoHX
Man Camp THE COURAGE TO TRUST MY FATHER AFTER MY FATHER DIED,/mancamp/man-camp-the-courage-to-trust-my-father-after-my-father-died/,container-fluid,false,2nKtloyQURPouvOZoa5CaL
go-signin,/go-signin/,no-header-no-footer,false,4slBKqRwhhfUaUYB5po1j5
Summer Camp FAQ,/summercamp/faq,container-fluid,false,7zMppZo0KAvx8TwfIL0rvi
Thanksgiving Food Drive,/reachout/local/thanksgiving-food-drive/,container-fluid,false,4svAcZevJkHZmUebCA13KP
ticket-giveaway,/superbowl/ticket-giveaway/,container-fluid,false,5Ia40ywvD3L0wwaUMkPIUX
Crossroads Leadership Training–8 Story Time 1,/crossroads-leadership-training8-story-time-1/,container-fluid,false,6aq5kt52QIlyj7w5Bmym0h
Leader Overview,/groups/leader-overview/,container-fluid,false,5OQG4nq5dxT6R9U86eFuVc
June Trip 2,/reachout/go/bolivia/june-trip-2/,no-header-no-footer,false,3tPpRW489c6ip2eCZcD1Do
Cards FOR Humanity,/cardsforhumanity/,container-fluid,false,5xLroovGxZEzvXDGFlRKgS
Man Camp Just how churchy is this thing?,/mancamp/man-camp-just-how-churchy-is-this-thing/,container-fluid,false,1xYY6YkKFj3Nsh3XGoWRWx
I Let Go of My Fear ,/womancamp/i-let-go-of-my-fear/,container-fluid,false,2TXaVrGelE99X3ciBsV0bX
South Africa,/reachout/go/south-africa/,no-header-no-footer,false,3OmpnlI0xu7DIHSUwwxHHN
May Trip,/reachout/go/south-africa/may-trip/,no-header-no-footer,false,3TXiJGVo08NrYe5bcek8Ug
June Trip 2,/reachout/go/south-africa/june-trip-2/,no-header-no-footer,false,39bU3eHOApidzfmTSuybiy
eWIT,/reachout/local/ewit/,container-fluid,false,63stpKOx9i4caTD84Aygmp
July Trip,/reachout/go/nicaragua/july-trip/,no-header-no-footer,false,34vRTWCVyw3hqjkYIAAgRM
Engage,/uptown/engage/,container-fluid,false,1tSeKPDi2QHvflaDzU9TFb
Engage,/oxford/engage/,container-fluid,false,2e71PyWZ9fRiBchfQbHy1W
Prison Ministry,/reachout/local/prison-ministry/,container-fluid,false,nOL4olhWaF4Tbehl2K4s7
Budget,/strategy/,container-fluid,false,3XqiKhtHWiuRu7Ey0udxrr
Leader Resources,/groups/leader/resources/,container-fluid,false,FSTLk4zxSFFVZxrSaUyHM
FAQs Puerto Rico,/reachout/go/faqs/faqs-puerto-rico/,no-header-no-footer,false,1Gh6Y5zbXqcuzJZcXBhjr7
October Trip,/reachout/go/south-africa/october-trip/,no-header-no-footer,false,7pphA067L8xLIT4rkq1olk
ask me who loves me,/ask-me-who-loves-me/,container-fluid,false,47LqvvNuA45n12Eb01y1jn
Group Leader Calendar,/groups/leader/resources/group-leader-calendar/,container-fluid,false,2Keu4gts1DruvC09boA9a2
How to Move when you get Stuck,/wayfinder-leader-resources/how-to-move-when-you-get-stuck/,container-fluid,false,5i6264audOVeghp1ArAplS
Worship Training,/worshiptraining/,no-header-no-footer,false,6cFPIQma0jECB2D4yf2tj2
Man Camp The Courage to Carry On,/mancamp/man-camp-courage-to-carry-on/,container-fluid,false,6vp4NTJJ8jzP9VwB2yzMAt
Man Camp Why do I want to be part of this macho crap?,/mancamp/man-camp-why-do-i-want-to-be-part-of-this-macho-crap/,container-fluid,false,7GzcYbv0EKCxCnx8gOmNt5
Anywhere Resources Serving,/anywhere-resources/serving/,container,false,3v2u5SoJaNi8KaBNrGSBc8
Kentucky Refugee Ministry,/reachout/local/kentucky-refugee-ministry/,container-fluid,false,3H3pZQkyGv6vZ0QXO7B2i6
Man Camp I Think I Want To Go BUT...,/mancamp/man-camp-i-think-i-want-to-go-but/,container-fluid,false,6IjULM2JnOjlijxRdaczuh
"I Belong, Now",/womancamp/i-belong-now/,container-fluid,false,2kPTmHDnFdrT04Ay8E9t3A
BLOC Ministries,/reachout/local/bloc/,container-fluid,false,5lP96dhwXs02uzoL4XKVlQ
Crossroads Leadership Training–11 Story Time 2,/crossroads-leadership-training11-story-time-2/,container-fluid,false,4ZSlmE7v36lpi7i4qBfI3r
What does camping have to do with my marriage?,/couplescamp/what-does-camping-have-to-do-with-my-marriage/,container-fluid,false,4oU0RE2SZTYd8DWFfyfhIl
KIds Club Concert,/kcconcert/,container-fluid,false,JAYHaRdN7QeVQRsqJZKMW
Giving,/giving/,container-fluid,false,7ky7JcJIZ9DCH3uIs0RtGg
About Spark,/spark/about/,container-fluid,false,78OOYRGSBX5XV0zWlfbtW4
October Trip 2019,/reachout/go/bolivia/october-trip-2019/,no-header-no-footer,false,4qIbWbFOd3OBDJK3zsk19S
Summer Camp,/summercamp/,container-fluid,false,69JlrIDTbKJCkXgvFurpFj
Crossroads Leadership Training–12 Get to Leading,/crossroads-leadership-training12-get-to-leading/,container-fluid,false,54kEVT8BJ8LaHjt7Od0kho
audition,/worshiptraining/audition/,no-header-no-footer,false,vnvJWQ46EflOAMAQy1laR
Easter Music,/eastermusic/,container-fluid,false,5CUi4BGP6EVMLOCaLLp9qZ
Camp Payments,/camp-payments/,container-fluid,false,wDJ4PTmRDvSzOv4QYIKgd
June Trip,/reachout/go/nicaragua/june-trip/,no-header-no-footer,false,bmnjWQp8j8mmVg48iIZDe
FAQs New Orleans,/reachout/go/faqs/faqs-new-orleans/,no-header-no-footer,false,1n1B9EtyexixBiwONFkU4L
Crossroads Leadership Training–4 Get your Orders,/crossroads-leadership-training4-get-your-orders/,container-fluid,false,6BRhieCBkA1pKjYVC89VOh
HS Camps,/hs-camps/,container-fluid,false,sG4iiblyzCMfuWPDD4Zo9
groups UP,/groups/groups-up/,container-fluid,false,5sQdTIwne7Z4ToJV2mJi3O
Bolivia,/reachout/go/bolivia/,no-header-no-footer,false,7tXeTukAoMWaTgAU5rRtSR
groups IN,/groups/groups-in/,container-fluid,false,M2W0L0aPdLDO7hIPZIuc7
Seeking,/wayfinder-leader-resources/seeking/,container-fluid,false,40TnRPTHk7c96jI6XLMQbk
student ministry,/serve/student-ministry/,container-fluid,false,4pw8ZcYBZOlJmfOwW0oFSG
NOT a Camper. Wrecked and Amazed.,/couplescamp/not-a-camper-wrecked-and-amazed/,container-fluid,false,5oozNtosLEZtd0QbYIxgTA
Crossroads Leadership Training–6 Get some People,/crossroads-leadership-training6-get-some-people/,container-fluid,false,6fHtwffDsmmEomafVmA7qw
Invite People to Your Group,/groups/leader/resources/invitingpeople/,container,false,5Z1jY5gcqSChs3waqtAXTH
Baptism,/baptism/,container,false,2FSTpHQRk4N1LG7bphnjFZ
FAQ | Go Local,/golocal/faq,container,false,1oF2363KGezG2xRfCc7Hxa
Resources,/groups/resources/,container-fluid,false,1N8h8JNCXynWloUCbO99wI
HR,/hr/,container-fluid,false,2m4Fg6I8tBy7VnRYXo3mzK
June Trip,/reachout/go/india/june-trip/,no-header-no-footer,false,3XgcEdTF6FTwD4HBiMp3Ev
"""MCX: BECAUSE WE'RE SOFT""",/mancamp/because-were-soft/,container-fluid,false,gQ3xaMHeLufWzn6EsdXNY
Go Local,/golocal/,container-fluid,false,171OXeMalDkfPolEhLMaPw
July Trip,/reachout/go/india/july-trip/,no-header-no-footer,false,5xnv02CDm8WeYaJqgEegvK
Wedding Resources,/care/weddings/wedding-resources/,eight-column,false,19OdjUSBLmT9jdOxPevutc
Your Role,/wayfinder-leader-resources/your-role/,container-fluid,false,3Vyz8SKnLa3ZX1ue0PP5jK
groups GETTING STARTED,/groups/groups-getting-started/,container-fluid,false,LmX08mWPcA3LBuH9MTzsp
Adventure Ride,/adv/,container-fluid,false,tlFNbWKbCn72khGupEenj
The Business of Success,/the-business-of-success/,container-fluid,false,4G6K9BQMXobayszH3Wlett
Before Woman Camp,/beforewomancamp/,container-fluid,false,52dYw0aw39RaLX2fiyq3C7
Safe Families,/reachout/local/safe-families/,container-fluid,false,6rUrGUGiu60dNp299O4REr
Journey Materials,/obsessed/materials/,container-fluid,false,6E61eWVDEz9IzLRpr4AOka
Our Superficial Was Stripped Away,/womancamp/our-superficial-was-stripped-away/,container-fluid,false,6YK0qYNPfT4ESC2aL3pM80
Producing,/wayfinder-leader-resources/producing/,container-fluid,false,USZZxnLAfKrViSOFCZdMo
Undivided Next Steps,/undivided/undivided-next-steps/,container,false,1sAooD08W7rh5Keu6LvV41
The New Mind Postcard,/newmind/thanks/,container-fluid,false,5MHq2HcP4scVFFHrCEwkN0
Natural Discipleship,/wayfinder-leader-resources/natural-discipleship/,container-fluid,false,1jYt3VWaR14GZTU7Q7crI4
Thanksgiving Day Fall Feast,/reachout/local/thanksgiving-day-fall-feast/,container-fluid,false,1a0RMEq80Ye21B96mqF6YH
Week of Prayer & Fasting,/prayerandfasting/,container-fluid,false,7C22QQjU2ktcZe2HqNfmWc
Staff Contacts,/staffcontacts/,eight-column,false,4rMnBoaZA11F63dZZilysv
The Academy,/reachout/local/the-academy/,container-fluid,false,6312HwEuq98iEeEqTsetZL
May Trip 2 Puerto Rico,/reachout/go/puerto-rico/may-trip2/,no-header-no-footer,false,3iqlJSAW04AnYcDPEYTZYM
October Trip,/reachout/go/bolivia/october-trip/,no-header-no-footer,false,5wkFZ20P5bgtUxALuPwMMy
I Used to Pray for Strength to Leave My Wife.,/couplescamp/i-used-to-pray-for-strength-to-leave-my-wife/,container-fluid,false,1RNqQdUSBLRIjnzy5I2Yuz
Bar. Sex. Fruit.,/couplescamp/bar-sex-fruit/,container-fluid,false,1tszCPrqaooFr13tJNfMpx
Christmas Gift Drive,/reachout/local/christmas-gift-drive/,container-fluid,false,4YBGbeCLrJztS2l5DlRMM8
coffee,/coffee/,container-fluid,false,3raBHfXgasvOK93cUqZcEM
moveup-msm,/studentministry/moveup-msm/,container-fluid,false,5uQxetLWFlqIgWRBSzgXbR
Family Meeting,/familymeeting/,container-fluid,false,3kqaSVkvm3N6EyM3wmLvGG
Receiving,/wayfinder-leader-resources/receiving/,container-fluid,false,5UklaIMlzQT40rj4rswtfv
"""MCX: CAN I EVEN DO THIS""",/mancamp/can-i-even-do-this/,container-fluid,false,1qNWr0O62LtxgQndTh6nQN
Reachout,/reachout/,container-fluid,false,HBoAqo48qyXV6xMbAyxwL
100 Day Plan,/100dayplan/,eight-column,false,4tbXdiIKyVIcbVdTfA3fqt
Music of Awaited,/musicofawaited/,container-fluid,false,10zme93Jl7bfwV5IX0zMEM
kids club,/serve/kids-club/,container-fluid,false,4J1XkWIQrsftHQXhuBMgls
Marketing,/marketing/,container-fluid,false,7u8UPFAIksrwZ3RphiTJf0
October Trip 2 2019,/reachout/go/india/october-trip-2-2019/,no-header-no-footer,false,1UhmlhqTaAcIZkf5rGwgHm
Man Camp What’s up with booze at a Church Camp?,/mancamp/man-camp-whats-up-with-booze-at-a-church-camp/,container-fluid,false,6KSHMQg0e9OGVSa1wrsZVG
"""MCX: YOU NEED A WAR STORY""",/mancamp/you-need-a-war-story/,container-fluid,false,6fCwL4fprzAvn3zJqg2mzj
Go,/reachout/go/,no-header-no-footer,false,52IW1Bs2aJ7JVbBjrMVfGJ
Resubscribe,/resubscribe/,eight-column,false,5c5tS8xvZxcLwGCIacJkQn
two year olds,/preschool/two-year-olds/,container-fluid,false,3VFtRQM2FCLL4w40AizioJ
Crossroads Leadership Training–1 Intro,/crossroads-leadership-training/,container-fluid,false,2asoWhsQcsQbAI6DqolEWl
Huddle,/huddle/,container-fluid,false,6e3GDvH6saVpqpJs1BXwem
Download Cards For Humanity,/cardsforhumanity/download-cards-for-humanity/,container-fluid,true,3ShaAcZVpoI8xUgk5FBSlW
Mirrors of Truth,/womancamp/mirrors-of-truth/,container-fluid,false,DOvp47oEkoFqVTfqYm5xP
Next BIG Thing FAQ,/big/next-big-thing-faq/,container,false,ynFMIxOE4uQDwZUId6fFE
August Trip 2,/reachout/go/south-africa/august-trip-2/,no-header-no-footer,false,4hPKlsAkYvrccyfAILWCSJ
Super Bowl Volunteers,/superbowlvolunteers/,container-fluid,false,pdytERn4vD31iW1XPw0ST
I'm In Celebration,/imincelebration/,container-fluid,false,7jRuXpO98AfaY04xj8PD6A
August Trip,/reachout/go/south-africa/august-trip/,no-header-no-footer,false,7MtePDWUkfpa9iAU92dX5s
"""SUMMERCAMP | Pat's Story""",/summercamp/pats-story/,container-fluid,false,ymn0bGpplRfdgDHGId2UI
"Divorced, Remarried, Went to Camp.",/couplescamp/divorced-remarried-went-to-camp/,container-fluid,false,5B2FSaLRqtp0hPwBF6Hpn2
BIG,/big/,container-fluid,false,22RE6bHqnsSxWK62Jxfrb1
College Camp,/collegecamp/,container-fluid,false,1znWtx7Uir7kIWHaeAKLPr
FAQs India,/reachout/go/faqs/faqs-india/,no-header-no-footer,false,7HNYMC1kZaPPqRgeakPaOb
"I Came Exhausted, Left Transformed",/womancamp/i-came-exhausted-left-transformed/,container-fluid,false,48QHccpFX62LTdAqht5WC0
Camp Songs Vol. 1,/camp-songs-vol-1/,no-header-no-footer,false,53qpwC9V9Uo409u849awXA
FAQs,/mancamp/faqs/,eight-column,false,DCk11oYLuhpSM68Y3EuwU
Crossroads Leadership Training–2 Follow First,/crossroads-leadership-training2-you-as-a-disciple/,container-fluid,false,4FIiBmvxMRyZS5ynXBEQSR
groups OUT,/groups/groups-out/,container-fluid,false,7ldBlnx6PCcXL8ZNDwpBpz
India,/reachout/go/india/,no-header-no-footer,false,27XmiLYVL0YFa3mAHpNHx9
Serve,/serve/,container-fluid,false,1UZ3K2AUIzCQyLXY96yVqp
Man Camp Why Your Buddy Needs It,/mancamp/man-camp-why-your-buddy-needs-it/,container-fluid,false,x4SK5FBn1TpmdoKlDlBfx
CityLink,/reachout/local/citylink/,container-fluid,false,2uMoqp9V3IfqncRfNiWaDu
Path to Healing,/pathtohealing/,container-fluid,false,8bcvmd9LiGTV1DT0iOPU7
Together,/together/,container-fluid,false,2vE3SyYC7lcdC9XYPrW435
FAQs Nicaragua,/reachout/go/faqs/faqs-nicaragua/,no-header-no-footer,false,4J5WYDmZZKyLfWdhjYUrgj
May Trip,/reachout/go/india/may-trip/,no-header-no-footer,false,6bSay7pvjcrw5NkMhtujpa
Signup Instructions | Go Local,/golocal/about/,container,false,5w3r3vhyYYbawQTfv9UYNp
Leading from Here to There,/wayfinder-leader-resources/leading-from-here-to-there/,eight-column,false,4njqM7XNsqF9UiJ44ZTg0b
Undivided,/undivided/,container-fluid,false,1kT7P8rWnlx8SYrHXjJgLF
Leader Update,/groups/leader/leader-update/,container-fluid,false,1sN6M4jeg7XS2A1XV8jLID
"""A New Year: A New Mission for Woman Camp""",/womancamp/a-new-year-a-new-mission-for-woman-camp/,container-fluid,false,70Pl9Gf8CsJd8WUai6Dfc7
App,/app/,container-fluid,false,7rh1JxpThFuqvctiB9h94l
Real Encounters with God,/real/,container-fluid,false,7J63y3IowsEpHtVoytGtc6
November Trip,/reachout/go/south-africa/november-trip/,no-header-no-footer,false,4ZudxqqMq9GtpvafYXFIYR
Share Your Story,/shareyourstory/,eight-column,false,6MivjlCo3rD78p0Yl0l708
April Trip,/reachout/go/bolivia/april-trip/,no-header-no-footer,false,1GxKK4PgnMMD2YEcpUmzH3
Family Convo,/familyconvo/,container-fluid,false,6pFa72GLhnNclI4EHftRuP
Obsessed,/obsessed/,container-fluid,false,hxXvKmd0rLf015kgOYQ1i
Discover Other Opportunities | Go Local,/golocal/discover-other-opportunities,container,false,3PWPdN5swAm6sPKPYDbBKV
The New Mind Postcard,/newmind/,container-fluid,false,1jt7FWSkYvh9Mz9wggl0zu
Don't Know What To Do,/wayfinder-leader-resources/dont-know-what-to-do/,container-fluid,false,6kFyd11Xha4aYpV9ndywaE
MAN CAMP,/mancamp/,container-fluid,false,7nSMibquWAecpXwhxCKEYH
Woman Camp,/womancamp/,container-fluid,false,4Z3XtcMJscxy3RDZO20758
"""SUMMERCAMP | Abbey's Story""",/summercamp/abbeys-story/,container-fluid,false,4Na2yM2J2QrnyaygQqQq1d
Easter,/easter/,container-fluid,false,1p8ch3PupbHyrKnwCl6YTv
Contact | Go Local,/golocal/contact,container,false,6bMBr3Z9HgJ4ZPPMBzNVyH
Student Ministry,/studentministry/,container-fluid,false,41Wksh3R7dDWq4GPrLmYDF
Leader Resources,/groups/leader/resources2/,container-fluid,false,8ZZxuyZdttY9pYJR3HlVG
Man Camp THE COURAGE TO JUST BE ME,/mancamp/man-camp-the-courage-to-just-be-me/,container-fluid,false,2DB8anTg6sB6mtlvgtjt0Q
Preschool,/preschool/,container-fluid,false,1Xh1eTGqdLSalLw4a2fwE2
Camps,/camps/,container-fluid,false,5zFRj7yj5szDqzThYefy6d
GO India Newsletter - July 2018,/go-india-newsletter-july-2018/,container-fluid,false,2kW0qLbpmZea6HPRntsSSv
four year olds - full week,/preschool/four-year-olds-full-week/,container-fluid,false,651mMWc621KR8vb6TmScuc
High School,/highschool/,container-fluid,false,2sOMwvgJjiEnlkSvuTNoY3
Wayfinder Leader Resources,/wayfinder-leader-resources/,container-fluid,false,3KrwYAYkrdQScBbqj2e44C
Crossroads Leadership Training–10 Get some Rhythms,/crossroads-leadership-training10-get-some-rhythms/,container-fluid,false,2Sm7WIYSiiUfZh5vuvF97x
Coalition to End Child Sexual Abuse (CECSA),/cecsa/,container-fluid,false,uT3321rAER8LntgvCjmD7
Crossroads Leadership Training–3 Get in the Swing,/crossroads-leadership-training3-get-in-the-swing/,container-fluid,false,1FaRJQ3LopnFPepy4amqMJ
Atrium Events,/atriumevents,default,false,4B55smA6M4fbyelBDTZ5uP
Ash Wednesday Experience,/ash-wednesday-experience/,no-header-no-footer,false,5uZNMcwRXLpK3ymwbXJ12f
Family Meeting Stream,/family-meeting-stream/,container-fluid,false,41u6uUj1stPCZN7VLuX6hm
Anywhere Resources FAQs,/anywhere-resources/faq/,container,false,2rZVjb9GbVj3s18qdh89vW
Whiz Kids,/reachout/local/whiz-kids/,container-fluid,false,kRNX5odQQiNN9nNrXvHdD
Christmas at Home,/christmasday/,container-fluid,false,3SYYQp1DxEAA1cepIx2yTO
June Trip,/reachout/go/bolivia/june-trip/,no-header-no-footer,false,29uHctdFLdzz7150OQAWZ0
March Trip,/reachout/go/nicaragua/march-trip/,no-header-no-footer,false,5u1zQIVWEwF0qFpfc0Vr0p
Invite People to Your Group,/groups/leader/resources/invitingpeople/,container-fluid,false,6w5NjhSMty3ztrO8FtxVOC
"MCX Warning, it's Gonna be Hard",/mancamp/man-camp-its-gonna-be-hard/,container-fluid,false,2sSykvwqjlu1MA9WHuJ4Dr
Oakley Connect,/oakley-connect/,container-fluid,false,6j6ZhHb1fEEFXqDUoBgd2v
The Diner,/reachout/local/the-diner/,container-fluid,false,5ALyMcEa9H5LaEI4enFIpH
Explore,/explore,default,false,3IMyORYww2cCHOROc14n0F
Encounter Israel,/encounterisrael/,container-fluid,false,14u38ArYfzM16OcRyhrRo1
In the News,/inthenews/,eight-column,false,2ZQ26qefVEwxMOfujV6ox6
serve101,/serve101/,container-fluid,false,1pDHwPYS2OXL4EtxVVcbJn
three year olds,/preschool/three-year-olds/,container-fluid,false,1zB9gsVHJTm2K0ciLY7DxC
Create a Commitment,/commitment/,container-fluid,false,3dCtoD2TEuTQrDIObzTTwV
"Seriously, Camping? Here’s Our WHY. ",/womancamp/seriously-camping-heres-our-why/,container-fluid,false,6wy8rjDngfVfZpta5ubRCx
Anywhere Resources,/anywhere-resources/resources/,container,false,7fsCB2TPPrlXIh1tSnr6gt
Anywhere Resources Service Guides,/anywhere-resources/service-guides/,container,false,7AUBUG6MrAL86a14jS1Y8I
Manifesto,/manifesto/,container-fluid,false,3SRPNAaIcKKHUmvKEhAnve
All Trips,/reachout/go/all-trips/,no-header-no-footer,false,PoItzwPljjGo9Eb8wPrbe
